{"Velocity": [0.0009892746396360508, -3.017113194232598e-06, -0.0035690328919244507], "Acceleration": 0.9948611259460449, "Altitude": 82.89294871641323}
{"Velocity": [0.000963491341281042, -1.2043062751647689e-05, -0.003584283273873723], "Acceleration": 0.9948630332946777, "Altitude": 82.89294997812249}
{"Velocity": [0.0009753416476314669, -9.328108678205606e-06, -0.0035898060386188035], "Acceleration": 0.994866669178009, "Altitude": 82.89294928230811}
{"Velocity": [1.1024149873884994, -0.005922982838591401, -4.021765176387866], "Acceleration": 1.8875685930252075, "Altitude": 83.92512516898569}
{"Velocity": [2.3192708230750725, -0.007501107893069251, -8.474646179914757], "Acceleration": 1.93743097782135, "Altitude": 87.21015551721212}
{"Velocity": [3.595113006985855, -0.006718054002676398, -13.154601422874052], "Acceleration": 1.947171926498413, "Altitude": 93.08861957269255}
{"Velocity": [4.881409581661188, -0.004243033912314732, -17.883275106597956], "Acceleration": 1.9569154977798462, "Altitude": 101.5028749734629}
{"Velocity": [6.22876412724662, -0.00033616658000242146, -22.846014421024876], "Acceleration": 1.9671694040298462, "Altitude": 112.95264854759444}
{"Velocity": [7.487072583725393, 0.004273566785019917, -27.489189765347213], "Acceleration": 1.9767868518829346, "Altitude": 126.04332843818702}
{"Velocity": [8.806853463282266, 0.010182481221273569, -32.3677713318049], "Acceleration": 1.9869166612625122, "Altitude": 142.22272394550964}
{"Velocity": [10.086699152525512, 0.016839075678692413, -37.10712202971968], "Acceleration": 1.996778964996338, "Altitude": 160.2712076054886}
{"Velocity": [11.429172512362783, 0.025000190681346984, -42.08705369780427], "Acceleration": 2.0071635246276855, "Altitude": 181.65928485803306}
{"Velocity": [12.731068989214606, 0.03398801112009354, -46.92515838795132], "Acceleration": 2.0172722339630127, "Altitude": 204.7673309376696}
{"Velocity": [14.043707085576614, 0.0439979331675007, -51.81268832531621], "Acceleration": 2.0275018215179443, "Altitude": 230.39353973185644}
{"Velocity": [15.420702820554254, 0.055662797376454125, -56.9487411904021], "Acceleration": 2.038271903991699, "Altitude": 259.74338907643687}
{"Velocity": [16.756357972565496, 0.06812529111702924, -61.93884863910102], "Acceleration": 2.04874849319458, "Altitude": 290.58582299307454}
{"Velocity": [18.157590044307995, 0.0826565110018571, -67.18293203852755], "Acceleration": 2.059776782989502, "Altitude": 325.4166023361031}
{"Velocity": [19.571556610894163, 0.09829446960575312, -72.48310787032445], "Acceleration": 2.0709388256073, "Altitude": 363.0853529952001}
{"Velocity": [20.94307435098594, 0.11439747068262249, -77.63304190905669], "Acceleration": 2.0817949771881104, "Altitude": 402.00963565614074}
{"Velocity": [22.32629379808995, 0.13097346919802522, -82.83622846536028], "Acceleration": 2.0927774906158447, "Altitude": 443.6126802365761}
{"Velocity": [23.778470887280577, 0.14962401473535739, -88.30441307379944], "Acceleration": 2.1043293476104736, "Altitude": 489.750856395578}
{"Velocity": [25.1880314656012, 0.16812421028651509, -93.61764313792806], "Acceleration": 2.1155660152435303, "Altitude": 536.9037902248092}
{"Velocity": [26.610257971314496, 0.18746279067936542, -98.98597957781718], "Acceleration": 2.1269407272338867, "Altitude": 586.8197773674037}
{"Velocity": [28.045116627396425, 0.20722126598268095, -104.41037880759617], "Acceleration": 2.1384942531585693, "Altitude": 639.5272306069965}
{"Velocity": [29.55248623945471, 0.22960953140865273, -110.1118154274542], "Acceleration": 2.150709629058838, "Altitude": 697.3353676144034}
{"Velocity": [31.015611828082825, 0.25254193087768156, -115.653060064541], "Acceleration": 2.162665843963623, "Altitude": 755.8277860920643}
{"Velocity": [32.49101400620992, 0.27811988182562347, -121.25371384074089], "Acceleration": 2.1748335361480713, "Altitude": 817.2013353907969}
{"Velocity": [33.97959992442475, 0.3046453438580248, -126.91461472349538], "Acceleration": 2.1872060298919678, "Altitude": 881.4864690990653}
{"Velocity": [35.482078730254216, 0.3319909677300332, -132.63664944513516], "Acceleration": 2.199781894683838, "Altitude": 948.7143704947084}
{"Velocity": [37.060368498663905, 0.36195937414507423, -138.65339216814345], "Acceleration": 2.2130942344665527, "Altitude": 1021.7869733688422}
{"Velocity": [38.65483658804723, 0.392860183302893, -144.73847695677046], "Acceleration": 2.2266390323638916, "Altitude": 1098.112594406819}
{"Velocity": [40.202221034890414, 0.42310123529342597, -150.655517155876], "Acceleration": 2.239894151687622, "Altitude": 1174.6048541259952}
{"Velocity": [41.76592385378504, 0.4547331339112826, -156.63776102122176], "Acceleration": 2.2533609867095947, "Altitude": 1254.1723070105072}
{"Velocity": [43.407431615062904, 0.488614202114806, -162.93021151962458], "Acceleration": 2.267584800720215, "Altitude": 1340.2209860882722}
{"Velocity": [45.06786679071362, 0.5225531074060442, -169.29518238369735], "Acceleration": 2.282017469406128, "Altitude": 1429.6710563554661}
{"Velocity": [46.7470629439068, 0.5562249024694157, -175.7340160793136], "Acceleration": 2.2966842651367188, "Altitude": 1522.5617540478706}
{"Velocity": [48.44480689910537, 0.5918677745783314, -182.24801330383485], "Acceleration": 2.3115715980529785, "Altitude": 1618.933224396431}
{"Velocity": [50.09510615874757, 0.6250346154576548, -188.58343609727393], "Acceleration": 2.3261070251464844, "Altitude": 1714.918244173401}
{"Velocity": [51.765007357998826, 0.662529729823128, -194.9900768675334], "Acceleration": 2.340872287750244, "Altitude": 1814.1956554666394}
{"Velocity": [53.51633152298754, 0.7039974770147271, -201.73170199754716], "Acceleration": 2.3565120697021484, "Altitude": 1920.9765049704583}
{"Velocity": [55.28654102879773, 0.7438871224317635, -208.55340769680467], "Acceleration": 2.3722856044769287, "Altitude": 2031.4009775184095}
{"Velocity": [57.07652420727908, 0.7861447749246295, -215.45591008210187], "Acceleration": 2.38824725151062, "Altitude": 2145.512386881048}
{"Velocity": [58.816647551318056, 0.8240868066932626, -222.17008351044183], "Acceleration": 2.4037837982177734, "Altitude": 2258.7522005329374}
{"Velocity": [60.64693895024422, 0.8653872362386312, -229.2344926823764], "Acceleration": 2.420262098312378, "Altitude": 2380.2222187101142}
{"Velocity": [62.49210924482236, 0.9096271241131705, -236.385659391846], "Acceleration": 2.4370791912078857, "Altitude": 2505.5100695100846}
{"Velocity": [64.53553621466682, 0.9619434658798357, -244.32358974125614], "Acceleration": 2.4761524200439453, "Altitude": 2647.277425079141}
{"Velocity": [65.42437619277209, 0.9848802204810883, -247.78460855331838], "Acceleration": 2.484417676925659, "Altitude": 2709.964906128822}
{"Velocity": [65.42437619277209, 0.9848802204810883, -247.78460855331838], "Acceleration": 2.484417676925659, "Altitude": 2709.964906128822}
{"Velocity": [65.42437619277209, 0.9848802204810883, -247.78460855331838], "Acceleration": 2.484417676925659, "Altitude": 2709.964906128822}
{"Velocity": [67.61356378419671, 1.0441824979933272, -256.30427823867296], "Acceleration": 2.483273983001709, "Altitude": 2866.531678034691}
{"Velocity": [71.33616115932259, 1.155084589537991, -270.76783416926895], "Acceleration": 2.511230945587158, "Altitude": 3139.326733316877}
{"Velocity": [76.06119235741843, 1.3057822722564698, -289.0982017096262], "Acceleration": 2.572161912918091, "Altitude": 3497.0766184314853}
{"Velocity": [83.25410940712132, 1.5862199314190972, -316.9406630806594], "Acceleration": 2.6280527114868164, "Altitude": 4062.8891332406783}
{"Velocity": [92.03008933713059, 2.021638012134945, -350.9529379125589], "Acceleration": 2.714296817779541, "Altitude": 4781.989595424151}
{"Velocity": [101.28219220417705, 2.5185171497891883, -386.9369969712902], "Acceleration": 2.809187412261963, "Altitude": 5576.385840272531}
{"Velocity": [111.00427496168734, 3.050575827916859, -424.8742233692178], "Acceleration": 2.90596342086792,